{"cameraMode":{"drawMode":0,"name":"Shaded","section":"Shading Mode"},"sceneLighting":true,"audioPlay":false,"sceneViewState":{"m_AlwaysRefresh":false,"showFog":true,"showSkybox":true,"showFlares":true,"showImageEffects":true,"showParticleSystems":true,"showVisualEffectGraphs":true,"m_FxEnabled":true},"in2DMode":false,"pivot":{"x":0.25406885147094729,"y":-0.548365592956543,"z":-0.4726114273071289},"rotation":{"x":-0.27799537777900698,"y":-0.48559609055519106,"z":0.16622792184352876,"w":-0.8121168613433838},"size":5.500659465789795,"orthographic":false}